NAME,RA,DEC,PMRA,PMDEC,EPOCH,RESOLUTION,SUBSURVEY,TEMPLATE,RULESET,EXTENT_FLAG,EXTENT_PARAMETER,EXTENT_INDEX,MAG_TYPE,MAG,MAG_ERR,DATE_EARLIEST,DATE_LATEST,CADENCE,REDDENING,REDSHIFT_ESTIMATE,REDSHIFT_ERROR,TEMPLATE_REDSHIFT,CAL_MAG_BLUE,CAL_MAG_GREEN,CAL_MAG_RED,CAL_MAG_ERR_BLUE,CAL_MAG_ERR_GREEN,CAL_MAG_ERR_RED,CAL_MAG_ID_BLUE,CAL_MAG_ID_GREEN,CAL_MAG_ID_RED,CLASSIFICATION,COMPLETENESS,PARALLAX
67499927,179.601095,-24.096175,0.0,0.0,2000.0,1,tides-sn,SN_spec_specid108_snt1_phase9_redshift0.248.fits,tides_snMay2024,0,0.0,0.0,LSST_r_AB,20.98344,0.0,2461511.0,2461516.0,1048576,0.0,0.236801,0.0,0.236801,0.0,0.0,0.0,0.0,0.0,0.0,,,,TRA,0.0,0.0
205056909,77.88002,-14.481357,0.0,0.0,2000.0,1,tides-hosts,SF_col00pt650_mass09pt50_sfr05pt00_z00pt475.fits,tides_hostsMay2024,0,0.0,0.0,LSST_r_AB,23.4944,0.0,2461799.6,2462865.0,0,0.0,0.480569,0.0,0.480569,0.0,0.0,0.0,0.0,0.0,0.0,,,,GAL,0.0,0.0
166312656,347.768909,-8.34902,0.0,0.0,2000.0,1,tides-sn,SN_spec_specid1389_snt25_phase5_redshift0.344.fits,tides_snMay2024,0,0.0,0.0,LSST_r_AB,21.958992,0.0,2462712.0,2462717.0,1048576,0.0,0.34347,0.0,0.34347,0.0,0.0,0.0,0.0,0.0,0.0,,,,TRA,0.0,0.0
141836176,306.263292,-12.905832,0.0,0.0,2000.0,1,tides-sn,SN_spec_specid276_snt1_phase1_redshift0.452.fits,tides_snMay2024,0,0.0,0.0,LSST_r_AB,22.619987,0.0,2462760.0,2462765.0,1048576,0.0,0.44896,0.0,0.44896,0.0,0.0,0.0,0.0,0.0,0.0,,,,TRA,0.0,0.0
88809294,195.541518,-33.170003,0.0,0.0,2000.0,1,tides-sn,SN_spec_specid1218_snt23_phase25_redshift0.092.fits,tides_snMay2024,0,0.0,0.0,LSST_r_AB,20.593992,0.0,2462574.0,2462579.0,1048576,0.0,0.080717,0.0,0.080717,0.0,0.0,0.0,0.0,0.0,0.0,,,,TRA,0.0,0.0
162612809,219.03671,-22.499552,0.0,0.0,2000.0,1,tides-hosts,SF_col00pt500_mass10pt00_sfr02pt00_z00pt000.fits,tides_hostsMay2024,0,0.0,0.0,LSST_r_AB,22.1022,0.0,2462311.4,2462865.0,0,0.0,0.211649,0.0,0.211649,0.0,0.0,0.0,0.0,0.0,0.0,,,,GAL,0.0,0.0
24795991,348.584835,-46.982227,0.0,0.0,2000.0,1,tides-hosts,Pass_col01pt020_mass10pt35_sfr00pt00_z00pt750.fits,tides_hostsMay2024,0,0.0,0.0,LSST_r_AB,23.2985,0.0,2461275.8,2462865.0,0,0.0,0.738813,0.0,0.738813,0.0,0.0,0.0,0.0,0.0,0.0,,,,GAL,0.0,0.0
118326659,148.165243,-2.115759,0.0,0.0,2000.0,1,tides-sn,SN_spec_specid274_snt1_phase-7_redshift0.452.fits,tides_snMay2024,0,0.0,0.0,LSST_r_AB,22.20785,0.0,2461082.0,2461087.0,1048576,0.0,0.455655,0.0,0.455655,0.0,0.0,0.0,0.0,0.0,0.0,,,,TRA,0.0,0.0
66816071,309.136416,-1.393867,0.0,0.0,2000.0,1,tides-sn,SN_spec_specid157_snt1_phase1_redshift0.315.fits,tides_snMay2024,0,0.0,0.0,LSST_r_AB,22.012545,0.0,2461953.0,2461958.0,1048576,0.0,0.308907,0.0,0.308907,0.0,0.0,0.0,0.0,0.0,0.0,,,,TRA,0.0,0.0
83679984,0.897457,-27.295535,0.0,0.0,2000.0,1,tides-sn,SN_spec_specid33_snt1_phase49_redshift0.095.fits,tides_snMay2024,0,0.0,0.0,LSST_r_AB,21.113297,0.0,2461270.0,2461275.0,1048576,0.0,0.064277,0.0,0.064277,0.0,0.0,0.0,0.0,0.0,0.0,,,,TRA,0.0,0.0
5792776,227.510251,-2.628947,0.0,0.0,2000.0,1,tides-sn,SN_spec_specid1072_snt50_phase0_redshift0.071.fits,tides_snMay2024,0,0.0,0.0,LSST_r_AB,21.990105,0.0,2461270.0,2461275.0,1048576,0.0,0.077448,0.0,0.077448,0.0,0.0,0.0,0.0,0.0,0.0,,,,TRA,0.0,0.0
80913263,199.732846,9.732547,0.0,0.0,2000.0,1,tides-sn,SN_spec_specid108_snt1_phase9_redshift0.248.fits,tides_snMay2024,0,0.0,0.0,LSST_r_AB,21.027643,0.0,2462627.0,2462632.0,1048576,0.0,0.236686,0.0,0.236686,0.0,0.0,0.0,0.0,0.0,0.0,,,,TRA,0.0,0.0
135444549,66.438483,-0.089799,0.0,0.0,2000.0,1,tides-sn,SN_spec_specid1435_snt32_phase25_redshift0.132.fits,tides_snMay2024,0,0.0,0.0,LSST_r_AB,17.141376,0.0,2461884.0,2461889.0,1048576,0.0,0.130435,0.0,0.130435,0.0,0.0,0.0,0.0,0.0,0.0,,,,TRA,0.0,0.0
1026336,56.906168,-49.115283,0.0,0.0,2000.0,1,tides-sn,SN_spec_specid154_snt1_phase-11_redshift0.315.fits,tides_snMay2024,0,0.0,0.0,LSST_r_AB,22.066523,0.0,2461697.0,2461702.0,1048576,0.0,0.320813,0.0,0.320813,0.0,0.0,0.0,0.0,0.0,0.0,,,,TRA,0.0,0.0
122328265,174.175232,-2.198805,0.0,0.0,2000.0,1,tides-sn,SN_spec_specid1211_snt23_phase25_redshift0.010.fits,tides_snMay2024,0,0.0,0.0,LSST_r_AB,22.529543,0.0,2461114.0,2461119.0,1048576,0.0,0.045246,0.0,0.045246,0.0,0.0,0.0,0.0,0.0,0.0,,,,TRA,0.0,0.0
74714792,340.595993,-9.867321,0.0,0.0,2000.0,1,tides-sn,SN_spec_specid1064_snt70_phase50_redshift1.150.fits,tides_snMay2024,0,0.0,0.0,LSST_r_AB,23.377153,0.0,2462725.0,2462730.0,1048576,0.0,1.32411,0.0,1.32411,0.0,0.0,0.0,0.0,0.0,0.0,,,,TRA,0.0,0.0
172615195,341.689533,-72.343896,0.0,0.0,2000.0,1,tides-sn,SN_spec_specid533_snt11_phase30_redshift0.167.fits,tides_snMay2024,0,0.0,0.0,LSST_r_AB,22.034447,0.0,2460885.0,2460890.0,1048576,0.0,0.153468,0.0,0.153468,0.0,0.0,0.0,0.0,0.0,0.0,,,,TRA,0.0,0.0
39440667,43.020919,-51.49529,0.0,0.0,2000.0,1,tides-hosts,SF_col00pt550_mass09pt00_sfr20pt00_z00pt725.fits,tides_hostsMay2024,0,0.0,0.0,LSST_r_AB,21.3368,0.0,2461778.6,2462865.0,0,0.0,0.713301,0.0,0.713301,0.0,0.0,0.0,0.0,0.0,0.0,,,,GAL,0.0,0.0
32293249,176.320212,-32.374056,0.0,0.0,2000.0,1,tides-sn,SN_spec_specid173_snt1_phase-3_redshift0.335.fits,tides_snMay2024,0,0.0,0.0,LSST_r_AB,21.514366,0.0,2461830.0,2461835.0,1048576,0.0,0.337842,0.0,0.337842,0.0,0.0,0.0,0.0,0.0,0.0,,,,TRA,0.0,0.0
83161307,9.804474,-15.002079,0.0,0.0,2000.0,1,tides-sn,SN_spec_specid108_snt1_phase9_redshift0.248.fits,tides_snMay2024,0,0.0,0.0,LSST_r_AB,21.359312,0.0,2462743.0,2462748.0,1048576,0.0,0.253678,0.0,0.253678,0.0,0.0,0.0,0.0,0.0,0.0,,,,TRA,0.0,0.0
200123842,44.704131,-38.575848,0.0,0.0,2000.0,1,tides-sn,SN_spec_specid1330_snt25_phase25_redshift0.132.fits,tides_snMay2024,0,0.0,0.0,LSST_r_AB,21.30337,0.0,2462205.0,2462210.0,1048576,0.0,0.142667,0.0,0.142667,0.0,0.0,0.0,0.0,0.0,0.0,,,,TRA,0.0,0.0
89086771,345.984665,-24.866788,0.0,0.0,2000.0,1,tides-sn,SN_spec_specid1305_snt23_phase5_redshift0.400.fits,tides_snMay2024,0,0.0,0.0,LSST_r_AB,21.548574,0.0,2460881.0,2460886.0,1048576,0.0,0.647297,0.0,0.647297,0.0,0.0,0.0,0.0,0.0,0.0,,,,TRA,0.0,0.0
11623174,253.153064,10.624942,0.0,0.0,2000.0,1,tides-sn,SN_spec_specid1086_snt80_phase0_redshift0.125.fits,tides_snMay2024,0,0.0,0.0,LSST_r_AB,21.319584,0.0,2462770.0,2462775.0,1048576,0.0,0.151012,0.0,0.151012,0.0,0.0,0.0,0.0,0.0,0.0,,,,TRA,0.0,0.0
34542526,149.497357,-33.399005,0.0,0.0,2000.0,1,tides-hosts,SF_col00pt550_mass09pt00_sfr20pt00_z00pt650.fits,tides_hostsMay2024,0,0.0,0.0,LSST_r_AB,22.3445,0.0,2461525.6,2462865.0,0,0.0,0.639581,0.0,0.639581,0.0,0.0,0.0,0.0,0.0,0.0,,,,GAL,0.0,0.0
42689921,7.594393,-60.452562,0.0,0.0,2000.0,1,tides-hosts,SF_col00pt650_mass09pt50_sfr05pt00_z00pt550.fits,tides_hostsMay2024,0,0.0,0.0,LSST_r_AB,23.4759,0.0,2461643.8,2462865.0,0,0.0,0.559389,0.0,0.559389,0.0,0.0,0.0,0.0,0.0,0.0,,,,GAL,0.0,0.0
182426580,303.136107,-54.389268,0.0,0.0,2000.0,1,tides-sn,SN_spec_specid1344_snt25_phase25_redshift0.191.fits,tides_snMay2024,0,0.0,0.0,LSST_r_AB,22.438923,0.0,2462369.0,2462374.0,1048576,0.0,0.179128,0.0,0.179128,0.0,0.0,0.0,0.0,0.0,0.0,,,,TRA,0.0,0.0
79757222,126.031221,-24.399748,0.0,0.0,2000.0,1,tides-sn,SN_spec_specid95_snt1_phase25_redshift0.224.fits,tides_snMay2024,0,0.0,0.0,LSST_r_AB,21.068933,0.0,2461440.0,2461445.0,1048576,0.0,0.228585,0.0,0.228585,0.0,0.0,0.0,0.0,0.0,0.0,,,,TRA,0.0,0.0
214621095,24.072864,-50.386781,0.0,0.0,2000.0,1,tides-sn,SN_spec_specid1344_snt25_phase25_redshift0.191.fits,tides_snMay2024,0,0.0,0.0,LSST_r_AB,22.560787,0.0,2461004.0,2461009.0,1048576,0.0,0.188734,0.0,0.188734,0.0,0.0,0.0,0.0,0.0,0.0,,,,TRA,0.0,0.0
114720785,40.789443,-47.055178,0.0,0.0,2000.0,1,tides-sn,SN_spec_specid47_snt1_phase37_redshift0.136.fits,tides_snMay2024,0,0.0,0.0,LSST_r_AB,20.485126,0.0,2462797.0,2462802.0,1048576,0.0,0.151354,0.0,0.151354,0.0,0.0,0.0,0.0,0.0,0.0,,,,TRA,0.0,0.0
58564064,34.042699,-24.071452,0.0,0.0,2000.0,1,tides-sn,SN_spec_specid178_snt1_phase17_redshift0.335.fits,tides_snMay2024,0,0.0,0.0,LSST_r_AB,22.943352,0.0,2462443.0,2462448.0,1048576,0.0,0.343878,0.0,0.343878,0.0,0.0,0.0,0.0,0.0,0.0,,,,TRA,0.0,0.0
191227110,320.94104,-50.414386,0.0,0.0,2000.0,1,tides-sn,SN_spec_specid177_snt1_phase13_redshift0.335.fits,tides_snMay2024,0,0.0,0.0,LSST_r_AB,22.492928,0.0,2462450.0,2462455.0,1048576,0.0,0.335809,0.0,0.335809,0.0,0.0,0.0,0.0,0.0,0.0,,,,TRA,0.0,0.0
30096971,138.976389,-15.086639,0.0,0.0,2000.0,1,tides-sn,SN_spec_specid1453_snt32_phase10_redshift0.217.fits,tides_snMay2024,0,0.0,0.0,LSST_r_AB,22.156233,0.0,2462170.0,2462175.0,1048576,0.0,0.221712,0.0,0.221712,0.0,0.0,0.0,0.0,0.0,0.0,,,,TRA,0.0,0.0
99290294,8.253153,-32.140801,0.0,0.0,2000.0,1,tides-sn,SN_spec_specid1063_snt70_phase40_redshift1.150.fits,tides_snMay2024,0,0.0,0.0,LSST_r_AB,22.14257,0.0,2461288.0,2461293.0,1048576,0.0,1.27798,0.0,1.27798,0.0,0.0,0.0,0.0,0.0,0.0,,,,TRA,0.0,0.0
156385767,289.196429,-53.786611,0.0,0.0,2000.0,1,tides-sn,SN_spec_specid83_snt1_phase45_redshift0.198.fits,tides_snMay2024,0,0.0,0.0,LSST_r_AB,21.991768,0.0,2461545.0,2461550.0,1048576,0.0,0.198582,0.0,0.198582,0.0,0.0,0.0,0.0,0.0,0.0,,,,TRA,0.0,0.0
174494823,313.566131,-63.827169,0.0,0.0,2000.0,1,tides-sn,SN_spec_specid195_snt1_phase17_redshift0.355.fits,tides_snMay2024,0,0.0,0.0,LSST_r_AB,22.850641,0.0,2462323.0,2462328.0,1048576,0.0,0.359109,0.0,0.359109,0.0,0.0,0.0,0.0,0.0,0.0,,,,TRA,0.0,0.0
119277356,195.493697,3.134928,0.0,0.0,2000.0,1,tides-hosts,SF_col00pt300_mass08pt75_sfr20pt00_z00pt625.fits,tides_hostsMay2024,0,0.0,0.0,LSST_r_AB,20.1873,0.0,2461817.8,2462865.0,0,0.0,0.63276,0.0,0.63276,0.0,0.0,0.0,0.0,0.0,0.0,,,,GAL,0.0,0.0
86274549,182.928034,-20.882165,0.0,0.0,2000.0,1,tides-sn,SN_spec_specid997_snt70_phase100_redshift0.885.fits,tides_snMay2024,0,0.0,0.0,LSST_r_AB,23.681784,0.0,2461827.0,2461832.0,1048576,0.0,0.890823,0.0,0.890823,0.0,0.0,0.0,0.0,0.0,0.0,,,,TRA,0.0,0.0
146601595,215.816776,-20.565389,0.0,0.0,2000.0,1,tides-sn,SN_spec_specid122_snt1_phase-3_redshift0.271.fits,tides_snMay2024,0,0.0,0.0,LSST_r_AB,21.888405,0.0,2461984.0,2461989.0,1048576,0.0,0.265357,0.0,0.265357,0.0,0.0,0.0,0.0,0.0,0.0,,,,TRA,0.0,0.0
40410319,202.552779,-2.76084,0.0,0.0,2000.0,1,tides-hosts,SF_col00pt780_mass10pt78_sfr05pt00_z00pt250.fits,tides_hostsMay2024,0,0.0,0.0,LSST_r_AB,19.4547,0.0,2462235.7,2462865.0,0,0.0,0.247804,0.0,0.247804,0.0,0.0,0.0,0.0,0.0,0.0,,,,GAL,0.0,0.0
117562477,229.734227,-16.152524,0.0,0.0,2000.0,1,tides-sn,SN_spec_specid1120_snt21_phase25_redshift0.181.fits,tides_snMay2024,0,0.0,0.0,LSST_r_AB,20.95901,0.0,2462055.0,2462060.0,1048576,0.0,0.202219,0.0,0.202219,0.0,0.0,0.0,0.0,0.0,0.0,,,,TRA,0.0,0.0
47822126,64.858038,-28.137646,0.0,0.0,2000.0,1,tides-hosts,SF_col00pt780_mass09pt88_sfr02pt00_z00pt425.fits,tides_hostsMay2024,0,0.0,0.0,LSST_r_AB,23.2753,0.0,2461699.7,2462865.0,0,0.0,0.436133,0.0,0.436133,0.0,0.0,0.0,0.0,0.0,0.0,,,,GAL,0.0,0.0
52080751,174.045539,4.532931,0.0,0.0,2000.0,1,tides-sn,SN_spec_specid328_snt1_phase5_redshift0.508.fits,tides_snMay2024,0,0.0,0.0,LSST_r_AB,22.726105,0.0,2462624.0,2462629.0,1048576,0.0,0.511911,0.0,0.511911,0.0,0.0,0.0,0.0,0.0,0.0,,,,TRA,0.0,0.0
175609161,345.888011,-30.910804,0.0,0.0,2000.0,1,tides-sn,SN_spec_specid1155_snt21_phase25_redshift0.374.fits,tides_snMay2024,0,0.0,0.0,LSST_r_AB,22.562449,0.0,2460899.0,2460904.0,1048576,0.0,0.364233,0.0,0.364233,0.0,0.0,0.0,0.0,0.0,0.0,,,,TRA,0.0,0.0
66663892,268.758306,-17.163723,0.0,0.0,2000.0,1,tides-hosts,SF_col00pt725_mass09pt61_sfr05pt00_z00pt350.fits,tides_hostsMay2024,0,0.0,0.0,LSST_r_AB,23.5899,0.0,2462623.9,2462865.0,0,0.0,0.346454,0.0,0.346454,0.0,0.0,0.0,0.0,0.0,0.0,,,,GAL,0.0,0.0
45043203,30.084086,-0.480044,0.0,0.0,2000.0,1,tides-sn,SN_spec_specid278_snt1_phase9_redshift0.452.fits,tides_snMay2024,0,0.0,0.0,LSST_r_AB,22.776176,0.0,2461277.0,2461282.0,1048576,0.0,0.458252,0.0,0.458252,0.0,0.0,0.0,0.0,0.0,0.0,,,,TRA,0.0,0.0
80114360,358.769112,-41.411844,0.0,0.0,2000.0,1,tides-sn,SN_spec_specid1250_snt23_phase10_redshift0.240.fits,tides_snMay2024,0,0.0,0.0,LSST_r_AB,22.63939,0.0,2462736.0,2462741.0,1048576,0.0,0.230854,0.0,0.230854,0.0,0.0,0.0,0.0,0.0,0.0,,,,TRA,0.0,0.0
136497581,51.477219,-18.035701,0.0,0.0,2000.0,1,tides-sn,SN_spec_specid1654_snt35_phase0_redshift0.267.fits,tides_snMay2024,0,0.0,0.0,LSST_r_AB,21.765463,0.0,2462553.0,2462558.0,1048576,0.0,0.281293,0.0,0.281293,0.0,0.0,0.0,0.0,0.0,0.0,,,,TRA,0.0,0.0
81135695,142.625974,-24.838728,0.0,0.0,2000.0,1,tides-sn,SN_spec_specid142_snt1_phase9_redshift0.293.fits,tides_snMay2024,0,0.0,0.0,LSST_r_AB,22.350698,0.0,2461504.0,2461509.0,1048576,0.0,0.29283,0.0,0.29283,0.0,0.0,0.0,0.0,0.0,0.0,,,,TRA,0.0,0.0
122778446,210.554512,-13.987874,0.0,0.0,2000.0,1,tides-sn,SN_spec_specid1037_snt70_phase20_redshift1.052.fits,tides_snMay2024,0,0.0,0.0,LSST_r_AB,22.539913,0.0,2460827.0,2460832.0,1048576,0.0,1.0687,0.0,1.0687,0.0,0.0,0.0,0.0,0.0,0.0,,,,TRA,0.0,0.0
34895066,199.38053,-18.954372,0.0,0.0,2000.0,1,tides-sn,SN_spec_specid929_snt70_phase20_redshift0.708.fits,tides_snMay2024,0,0.0,0.0,LSST_r_AB,21.560757,0.0,2461189.0,2461194.0,1048576,0.0,0.700277,0.0,0.700277,0.0,0.0,0.0,0.0,0.0,0.0,,,,TRA,0.0,0.0
114767230,200.932739,-35.269571,0.0,0.0,2000.0,1,tides-sn,SN_spec_specid295_snt1_phase9_redshift0.471.fits,tides_snMay2024,0,0.0,0.0,LSST_r_AB,23.256624,0.0,2461461.0,2461466.0,1048576,0.0,0.466357,0.0,0.466357,0.0,0.0,0.0,0.0,0.0,0.0,,,,TRA,0.0,0.0
61451861,293.958353,-18.476772,0.0,0.0,2000.0,1,tides-sn,SN_spec_specid1316_snt25_phase25_redshift0.010.fits,tides_snMay2024,0,0.0,0.0,LSST_r_AB,15.361618,0.0,2462306.0,2462311.0,1048576,0.0,0.016587,0.0,0.016587,0.0,0.0,0.0,0.0,0.0,0.0,,,,TRA,0.0,0.0
28338896,324.221638,-7.833136,0.0,0.0,2000.0,1,tides-hosts,SF_col00pt650_mass09pt50_sfr05pt00_z00pt550.fits,tides_hostsMay2024,0,0.0,0.0,LSST_r_AB,23.3594,0.0,2461191.8,2462865.0,0,0.0,0.537587,0.0,0.537587,0.0,0.0,0.0,0.0,0.0,0.0,,,,GAL,0.0,0.0
71781490,197.09263,8.739522,0.0,0.0,2000.0,1,tides-sn,SN_spec_specid1470_snt32_phase25_redshift0.263.fits,tides_snMay2024,0,0.0,0.0,LSST_r_AB,21.604977,0.0,2461943.0,2461948.0,1048576,0.0,0.270008,0.0,0.270008,0.0,0.0,0.0,0.0,0.0,0.0,,,,TRA,0.0,0.0
129611829,27.513686,-18.055785,0.0,0.0,2000.0,1,tides-hosts,SF_col00pt600_mass09pt25_sfr10pt00_z00pt625.fits,tides_hostsMay2024,0,0.0,0.0,LSST_r_AB,21.3672,0.0,2461685.8,2462865.0,0,0.0,0.63397,0.0,0.63397,0.0,0.0,0.0,0.0,0.0,0.0,,,,GAL,0.0,0.0
6150627,201.548721,-26.302236,0.0,0.0,2000.0,1,tides-hosts,SF_col00pt650_mass09pt50_sfr05pt00_z00pt550.fits,tides_hostsMay2024,0,0.0,0.0,LSST_r_AB,23.3782,0.0,2462235.8,2462865.0,0,0.0,0.559116,0.0,0.559116,0.0,0.0,0.0,0.0,0.0,0.0,,,,GAL,0.0,0.0
157652239,141.380598,4.971844,0.0,0.0,2000.0,1,tides-hosts,Pass_col01pt005_mass11pt10_sfr00pt00_z00pt775.fits,tides_hostsMay2024,0,0.0,0.0,LSST_r_AB,22.2679,0.0,2461876.5,2462865.0,0,0.0,0.767916,0.0,0.767916,0.0,0.0,0.0,0.0,0.0,0.0,,,,GAL,0.0,0.0
145380146,73.22134,-36.607478,0.0,0.0,2000.0,1,tides-sn,SN_spec_specid1233_snt23_phase-5_redshift0.191.fits,tides_snMay2024,0,0.0,0.0,LSST_r_AB,22.278036,0.0,2461097.0,2461102.0,1048576,0.0,0.179171,0.0,0.179171,0.0,0.0,0.0,0.0,0.0,0.0,,,,TRA,0.0,0.0
181610817,128.995866,-2.806414,0.0,0.0,2000.0,1,tides-sn,SN_spec_specid260_snt1_phase5_redshift0.433.fits,tides_snMay2024,0,0.0,0.0,LSST_r_AB,21.91243,0.0,2462214.0,2462219.0,1048576,0.0,0.428901,0.0,0.428901,0.0,0.0,0.0,0.0,0.0,0.0,,,,TRA,0.0,0.0
152246901,59.060292,-27.444115,0.0,0.0,2000.0,1,tides-sn,SN_spec_specid1218_snt23_phase25_redshift0.092.fits,tides_snMay2024,0,0.0,0.0,LSST_r_AB,21.825281,0.0,2461019.0,2461024.0,1048576,0.0,0.080824,0.0,0.080824,0.0,0.0,0.0,0.0,0.0,0.0,,,,TRA,0.0,0.0
211123062,305.769457,-70.357211,0.0,0.0,2000.0,1,tides-sn,SN_spec_specid1330_snt25_phase25_redshift0.132.fits,tides_snMay2024,0,0.0,0.0,LSST_r_AB,22.723938,0.0,2461609.0,2461614.0,1048576,0.0,0.147206,0.0,0.147206,0.0,0.0,0.0,0.0,0.0,0.0,,,,TRA,0.0,0.0
171189828,116.338112,3.688604,0.0,0.0,2000.0,1,tides-sn,SN_spec_specid261_snt1_phase9_redshift0.433.fits,tides_snMay2024,0,0.0,0.0,LSST_r_AB,22.697584,0.0,2461486.0,2461491.0,1048576,0.0,0.440965,0.0,0.440965,0.0,0.0,0.0,0.0,0.0,0.0,,,,TRA,0.0,0.0
62325109,213.611917,-46.42496,0.0,0.0,2000.0,1,tides-hosts,SF_col00pt550_mass09pt00_sfr20pt00_z00pt775.fits,tides_hostsMay2024,0,0.0,0.0,LSST_r_AB,22.5011,0.0,2462249.8,2462865.0,0,0.0,0.76529,0.0,0.76529,0.0,0.0,0.0,0.0,0.0,0.0,,,,GAL,0.0,0.0
Euclid_mock_2650,24.960351,-32.089937,0.0,0.0,2000.0,1,source,OIIcomb_g21.72.fits,sourceMay2024,0,1.0,1.0,SDSS_g_AB,21.41,0.0,2460827.0,2462865.0,0,0.0,0.0,0.0,0.0,0.0,0.0,0.0,0.0,0.0,0.0,,,,"GAL,LEN",0.0,0.0
26198273,39.851213,-34.177494,0.0,0.0,2000.0,1,tides-hosts,SF_col00pt600_mass09pt25_sfr10pt00_z00pt275.fits,tides_hostsMay2024,0,0.0,0.0,LSST_r_AB,21.1234,0.0,2462220.6,2462865.0,0,0.0,0.276677,0.0,0.276677,0.0,0.0,0.0,0.0,0.0,0.0,,,,GAL,0.0,0.0
44898309,12.960076,-42.220435,0.0,0.0,2000.0,1,tides-sn,SN_spec_specid1386_snt25_phase25_redshift0.324.fits,tides_snMay2024,0,0.0,0.0,LSST_r_AB,23.87812,0.0,2460951.0,2460956.0,1048576,0.0,0.327359,0.0,0.327359,0.0,0.0,0.0,0.0,0.0,0.0,,,,TRA,0.0,0.0
82254240,215.839799,-20.934546,0.0,0.0,2000.0,1,tides-sn,SN_spec_specid33_snt1_phase49_redshift0.095.fits,tides_snMay2024,0,0.0,0.0,LSST_r_AB,20.234905,0.0,2461934.0,2461939.0,1048576,0.0,0.071991,0.0,0.071991,0.0,0.0,0.0,0.0,0.0,0.0,,,,TRA,0.0,0.0
128525725,7.975872,-13.452065,0.0,0.0,2000.0,1,tides-sn,SN_spec_specid1323_snt25_phase25_redshift0.092.fits,tides_snMay2024,0,0.0,0.0,LSST_r_AB,21.96274,0.0,2461272.0,2461277.0,1048576,0.0,0.104664,0.0,0.104664,0.0,0.0,0.0,0.0,0.0,0.0,,,,TRA,0.0,0.0
183280113,209.19414,2.842032,0.0,0.0,2000.0,1,tides-sn,SN_spec_specid1357_snt25_phase20_redshift0.240.fits,tides_snMay2024,0,0.0,0.0,LSST_r_AB,22.169369,0.0,2461581.0,2461586.0,1048576,0.0,0.241168,0.0,0.241168,0.0,0.0,0.0,0.0,0.0,0.0,,,,TRA,0.0,0.0
175622326,179.506701,16.049456,0.0,0.0,2000.0,1,tides-sn,SN_spec_specid1351_snt25_phase25_redshift0.217.fits,tides_snMay2024,0,0.0,0.0,LSST_r_AB,22.764513,0.0,2460827.0,2460831.0,1048576,0.0,0.219374,0.0,0.219374,0.0,0.0,0.0,0.0,0.0,0.0,,,,TRA,0.0,0.0
113535957,287.509175,-38.367871,0.0,0.0,2000.0,1,tides-sn,SN_spec_specid959_snt70_phase80_redshift0.776.fits,tides_snMay2024,0,0.0,0.0,LSST_r_AB,22.390238,0.0,2461668.0,2461673.0,1048576,0.0,0.777267,0.0,0.777267,0.0,0.0,0.0,0.0,0.0,0.0,,,,TRA,0.0,0.0
90982754,29.382518,-39.891922,0.0,0.0,2000.0,1,tides-sn,SN_spec_specid881_snt70_phase20_redshift0.581.fits,tides_snMay2024,0,0.0,0.0,LSST_r_AB,20.983076,0.0,2462412.0,2462417.0,1048576,0.0,0.583282,0.0,0.583282,0.0,0.0,0.0,0.0,0.0,0.0,,,,TRA,0.0,0.0
81979882,28.420911,-5.007908,0.0,0.0,2000.0,1,tides-sn,SN_spec_specid124_snt1_phase5_redshift0.271.fits,tides_snMay2024,0,0.0,0.0,LSST_r_AB,21.206778,0.0,2462063.0,2462068.0,1048576,0.0,0.280362,0.0,0.280362,0.0,0.0,0.0,0.0,0.0,0.0,,,,TRA,0.0,0.0
157319889,192.476479,-42.033967,0.0,0.0,2000.0,1,tides-hosts,SF_col00pt550_mass09pt00_sfr20pt00_z00pt800.fits,tides_hostsMay2024,0,0.0,0.0,LSST_r_AB,22.1914,0.0,2461498.8,2462865.0,0,0.0,0.892596,0.0,0.892596,0.0,0.0,0.0,0.0,0.0,0.0,,,,GAL,0.0,0.0
95870722,78.91658,-23.91571,0.0,0.0,2000.0,1,tides-hosts,SF_col00pt775_mass10pt50_sfr02pt00_z00pt475.fits,tides_hostsMay2024,0,0.0,0.0,LSST_r_AB,20.6922,0.0,2461467.5,2462865.0,0,0.0,0.484803,0.0,0.484803,0.0,0.0,0.0,0.0,0.0,0.0,,,,GAL,0.0,0.0
1142515,225.744538,5.217077,0.0,0.0,2000.0,1,tides-sn,SN_spec_specid209_snt1_phase5_redshift0.375.fits,tides_snMay2024,0,0.0,0.0,LSST_r_AB,22.139954,0.0,2462336.0,2462341.0,1048576,0.0,0.376269,0.0,0.376269,0.0,0.0,0.0,0.0,0.0,0.0,,,,TRA,0.0,0.0
147079476,330.516592,-17.243654,0.0,0.0,2000.0,1,tides-sn,SN_spec_specid191_snt1_phase1_redshift0.355.fits,tides_snMay2024,0,0.0,0.0,LSST_r_AB,21.85469,0.0,2461601.0,2461606.0,1048576,0.0,0.357345,0.0,0.357345,0.0,0.0,0.0,0.0,0.0,0.0,,,,TRA,0.0,0.0
158542544,85.659663,-27.988695,0.0,0.0,2000.0,1,tides-sn,SN_spec_specid310_snt1_phase1_redshift0.490.fits,tides_snMay2024,0,0.0,0.0,LSST_r_AB,22.624556,0.0,2461395.0,2461400.0,1048576,0.0,0.49831,0.0,0.49831,0.0,0.0,0.0,0.0,0.0,0.0,,,,TRA,0.0,0.0
110707264,182.944841,0.565708,0.0,0.0,2000.0,1,tides-sn,SN_spec_specid1316_snt25_phase25_redshift0.010.fits,tides_snMay2024,0,0.0,0.0,LSST_r_AB,20.647863,0.0,2461504.0,2461509.0,1048576,0.0,0.038873,0.0,0.038873,0.0,0.0,0.0,0.0,0.0,0.0,,,,TRA,0.0,0.0
13949968,301.104328,-14.839309,0.0,0.0,2000.0,1,tides-hosts,SF_col00pt400_mass09pt50_sfr10pt00_z00pt650.fits,tides_hostsMay2024,0,0.0,0.0,LSST_r_AB,21.8825,0.0,2461284.6,2462865.0,0,0.0,0.662166,0.0,0.662166,0.0,0.0,0.0,0.0,0.0,0.0,,,,GAL,0.0,0.0
138578977,141.966604,-32.961549,0.0,0.0,2000.0,1,tides-hosts,Pass_col01pt005_mass11pt10_sfr00pt00_z00pt425.fits,tides_hostsMay2024,0,0.0,0.0,LSST_r_AB,19.8962,0.0,2461046.9,2462865.0,0,0.0,0.423638,0.0,0.423638,0.0,0.0,0.0,0.0,0.0,0.0,,,,GAL,0.0,0.0
76772362,225.303884,11.692177,0.0,0.0,2000.0,1,tides-sn,SN_spec_specid937_snt70_phase100_redshift0.708.fits,tides_snMay2024,0,0.0,0.0,LSST_r_AB,19.125353,0.0,2462175.0,2462180.0,1048576,0.0,0.703131,0.0,0.703131,0.0,0.0,0.0,0.0,0.0,0.0,,,,TRA,0.0,0.0
187232078,320.604441,-37.949254,0.0,0.0,2000.0,1,tides-sn,SN_spec_specid120_snt1_phase-11_redshift0.271.fits,tides_snMay2024,0,0.0,0.0,LSST_r_AB,22.442533,0.0,2462733.0,2462738.0,1048576,0.0,0.260562,0.0,0.260562,0.0,0.0,0.0,0.0,0.0,0.0,,,,TRA,0.0,0.0
99153593,9.65456,-1.494922,0.0,0.0,2000.0,1,tides-sn,SN_spec_specid805_snt70_phase100_redshift0.365.fits,tides_snMay2024,0,0.0,0.0,LSST_r_AB,21.696117,0.0,2462412.0,2462417.0,1048576,0.0,0.349439,0.0,0.349439,0.0,0.0,0.0,0.0,0.0,0.0,,,,TRA,0.0,0.0
177506808,305.295445,-12.315354,0.0,0.0,2000.0,1,tides-sn,SN_spec_specid33_snt1_phase49_redshift0.095.fits,tides_snMay2024,0,0.0,0.0,LSST_r_AB,21.84141,0.0,2461916.0,2461921.0,1048576,0.0,0.091458,0.0,0.091458,0.0,0.0,0.0,0.0,0.0,0.0,,,,TRA,0.0,0.0
181957545,13.995543,-15.233585,0.0,0.0,2000.0,1,tides-hosts,SF_col00pt550_mass09pt00_sfr20pt00_z00pt550.fits,tides_hostsMay2024,0,0.0,0.0,LSST_r_AB,21.8361,0.0,2461688.6,2462865.0,0,0.0,0.541737,0.0,0.541737,0.0,0.0,0.0,0.0,0.0,0.0,,,,GAL,0.0,0.0
6245108,243.561007,-61.79596,0.0,0.0,2000.0,1,tides-sn,SN_spec_specid1344_snt25_phase25_redshift0.191.fits,tides_snMay2024,0,0.0,0.0,LSST_r_AB,23.289816,0.0,2460882.0,2460887.0,1048576,0.0,0.18375,0.0,0.18375,0.0,0.0,0.0,0.0,0.0,0.0,,,,TRA,0.0,0.0
63662395,190.423177,2.051666,0.0,0.0,2000.0,1,tides-sn,SN_spec_specid1357_snt25_phase20_redshift0.240.fits,tides_snMay2024,0,0.0,0.0,LSST_r_AB,22.355919,0.0,2461826.0,2461831.0,1048576,0.0,0.248183,0.0,0.248183,0.0,0.0,0.0,0.0,0.0,0.0,,,,TRA,0.0,0.0
181964978,162.737889,-7.787154,0.0,0.0,2000.0,1,tides-sn,SN_spec_specid143_snt1_phase13_redshift0.293.fits,tides_snMay2024,0,0.0,0.0,LSST_r_AB,21.813484,0.0,2461120.0,2461125.0,1048576,0.0,0.282823,0.0,0.282823,0.0,0.0,0.0,0.0,0.0,0.0,,,,TRA,0.0,0.0
182011673,206.594608,-29.951116,0.0,0.0,2000.0,1,tides-sn,SN_spec_specid163_snt1_phase25_redshift0.315.fits,tides_snMay2024,0,0.0,0.0,LSST_r_AB,21.813795,0.0,2461156.0,2461161.0,1048576,0.0,0.324191,0.0,0.324191,0.0,0.0,0.0,0.0,0.0,0.0,,,,TRA,0.0,0.0
166893031,38.984814,-9.92765,0.0,0.0,2000.0,1,tides-sn,SN_spec_specid116_snt1_phase41_redshift0.248.fits,tides_snMay2024,0,0.0,0.0,LSST_r_AB,23.016214,0.0,2460952.0,2460957.0,1048576,0.0,0.242565,0.0,0.242565,0.0,0.0,0.0,0.0,0.0,0.0,,,,TRA,0.0,0.0
62432474,344.697886,-29.326912,0.0,0.0,2000.0,1,tides-sn,SN_spec_specid59_snt1_phase17_redshift0.169.fits,tides_snMay2024,0,0.0,0.0,LSST_r_AB,21.625021,0.0,2461635.0,2461640.0,1048576,0.0,0.178858,0.0,0.178858,0.0,0.0,0.0,0.0,0.0,0.0,,,,TRA,0.0,0.0
131876421,305.31205,-7.190422,0.0,0.0,2000.0,1,tides-sn,SN_spec_specid1060_snt70_phase10_redshift1.150.fits,tides_snMay2024,0,0.0,0.0,LSST_r_AB,21.737083,0.0,2462327.0,2462332.0,1048576,0.0,1.41721,0.0,1.41721,0.0,0.0,0.0,0.0,0.0,0.0,,,,TRA,0.0,0.0
37234206,85.135751,-35.781919,0.0,0.0,2000.0,1,tides-sn,SN_spec_specid1052_snt70_phase50_redshift1.099.fits,tides_snMay2024,0,0.0,0.0,LSST_r_AB,22.929901,0.0,2462174.0,2462179.0,1048576,0.0,1.10026,0.0,1.10026,0.0,0.0,0.0,0.0,0.0,0.0,,,,TRA,0.0,0.0
203511335,161.268242,-34.827373,0.0,0.0,2000.0,1,tides-sn,SN_spec_specid193_snt1_phase9_redshift0.355.fits,tides_snMay2024,0,0.0,0.0,LSST_r_AB,22.502617,0.0,2461544.0,2461549.0,1048576,0.0,0.365238,0.0,0.365238,0.0,0.0,0.0,0.0,0.0,0.0,,,,TRA,0.0,0.0
81910856,71.130612,-1.614882,0.0,0.0,2000.0,1,tides-sn,SN_spec_specid1329_snt25_phase20_redshift0.132.fits,tides_snMay2024,0,0.0,0.0,LSST_r_AB,22.554247,0.0,2461411.0,2461416.0,1048576,0.0,0.123821,0.0,0.123821,0.0,0.0,0.0,0.0,0.0,0.0,,,,TRA,0.0,0.0
50123382,137.342419,-23.549644,0.0,0.0,2000.0,1,tides-sn,SN_spec_specid1323_snt25_phase25_redshift0.092.fits,tides_snMay2024,0,0.0,0.0,LSST_r_AB,21.739807,0.0,2461897.0,2461902.0,1048576,0.0,0.11034,0.0,0.11034,0.0,0.0,0.0,0.0,0.0,0.0,,,,TRA,0.0,0.0
72686393,1.543599,-2.393622,0.0,0.0,2000.0,1,tides-sn,SN_spec_specid1323_snt25_phase25_redshift0.092.fits,tides_snMay2024,0,0.0,0.0,LSST_r_AB,22.60715,0.0,2461017.0,2461022.0,1048576,0.0,0.09351,0.0,0.09351,0.0,0.0,0.0,0.0,0.0,0.0,,,,TRA,0.0,0.0
163653565,321.380511,-45.986389,0.0,0.0,2000.0,1,tides-sn,SN_spec_specid33_snt1_phase49_redshift0.095.fits,tides_snMay2024,0,0.0,0.0,LSST_r_AB,21.022596,0.0,2461240.0,2461245.0,1048576,0.0,0.056443,0.0,0.056443,0.0,0.0,0.0,0.0,0.0,0.0,,,,TRA,0.0,0.0
183213379,101.822268,-37.905502,0.0,0.0,2000.0,1,tides-sn,SN_spec_specid48_snt1_phase41_redshift0.136.fits,tides_snMay2024,0,0.0,0.0,LSST_r_AB,20.855219,0.0,2461480.0,2461485.0,1048576,0.0,0.12779,0.0,0.12779,0.0,0.0,0.0,0.0,0.0,0.0,,,,TRA,0.0,0.0
83740120,195.820175,-36.609634,0.0,0.0,2000.0,1,tides-hosts,SF_col00pt600_mass09pt25_sfr10pt00_z00pt450.fits,tides_hostsMay2024,0,0.0,0.0,LSST_r_AB,21.8378,0.0,2461463.9,2462865.0,0,0.0,0.445664,0.0,0.445664,0.0,0.0,0.0,0.0,0.0,0.0,,,,GAL,0.0,0.0
124636539,114.069685,-4.203055,0.0,0.0,2000.0,1,tides-sn,SN_spec_specid174_snt1_phase1_redshift0.335.fits,tides_snMay2024,0,0.0,0.0,LSST_r_AB,22.59053,0.0,2461398.0,2461403.0,1048576,0.0,0.337615,0.0,0.337615,0.0,0.0,0.0,0.0,0.0,0.0,,,,TRA,0.0,0.0
109296573,205.307468,-45.484746,0.0,0.0,2000.0,1,tides-sn,SN_spec_specid1113_snt21_phase25_redshift0.125.fits,tides_snMay2024,0,0.0,0.0,LSST_r_AB,21.882338,0.0,2461237.0,2461242.0,1048576,0.0,0.129134,0.0,0.129134,0.0,0.0,0.0,0.0,0.0,0.0,,,,TRA,0.0,0.0
29632794,85.431751,-44.987979,0.0,0.0,2000.0,1,tides-sn,SN_spec_specid88_snt1_phase-3_redshift0.224.fits,tides_snMay2024,0,0.0,0.0,LSST_r_AB,21.629608,0.0,2462136.0,2462141.0,1048576,0.0,0.212715,0.0,0.212715,0.0,0.0,0.0,0.0,0.0,0.0,,,,TRA,0.0,0.0
171861007,291.584858,-22.706444,0.0,0.0,2000.0,1,tides-sn,SN_spec_specid1131_snt21_phase10_redshift0.267.fits,tides_snMay2024,0,0.0,0.0,LSST_r_AB,22.385893,0.0,2460860.0,2460865.0,1048576,0.0,0.25364,0.0,0.25364,0.0,0.0,0.0,0.0,0.0,0.0,,,,TRA,0.0,0.0
84363587,277.445831,-67.071487,0.0,0.0,2000.0,1,tides-hosts,SF_col00pt775_mass10pt50_sfr02pt00_z00pt450.fits,tides_hostsMay2024,0,0.0,0.0,LSST_r_AB,20.8694,0.0,2461647.6,2462865.0,0,0.0,0.448877,0.0,0.448877,0.0,0.0,0.0,0.0,0.0,0.0,,,,GAL,0.0,0.0
63832379,200.988754,1.163202,0.0,0.0,2000.0,1,tides-sn,SN_spec_specid937_snt70_phase100_redshift0.708.fits,tides_snMay2024,0,0.0,0.0,LSST_r_AB,21.971357,0.0,2461518.0,2461523.0,1048576,0.0,0.716956,0.0,0.716956,0.0,0.0,0.0,0.0,0.0,0.0,,,,TRA,0.0,0.0
157544888,125.948884,-3.428446,0.0,0.0,2000.0,1,tides-sn,SN_spec_specid1106_snt21_phase25_redshift0.014.fits,tides_snMay2024,0,0.0,0.0,LSST_r_AB,23.27536,0.0,2461838.0,2461843.0,1048576,0.0,0.065589,0.0,0.065589,0.0,0.0,0.0,0.0,0.0,0.0,,,,TRA,0.0,0.0
27206517,206.398246,-20.589124,0.0,0.0,2000.0,1,tides-sn,SN_spec_specid106_snt1_phase1_redshift0.248.fits,tides_snMay2024,0,0.0,0.0,LSST_r_AB,21.122908,0.0,2461894.0,2461899.0,1048576,0.0,0.244265,0.0,0.244265,0.0,0.0,0.0,0.0,0.0,0.0,,,,TRA,0.0,0.0
208340137,126.585273,-4.597212,0.0,0.0,2000.0,1,tides-hosts,SF_col00pt550_mass09pt00_sfr20pt00_z00pt375.fits,tides_hostsMay2024,0,0.0,0.0,LSST_r_AB,21.4606,0.0,2461447.7,2462865.0,0,0.0,0.367674,0.0,0.367674,0.0,0.0,0.0,0.0,0.0,0.0,,,,GAL,0.0,0.0
69115133,67.002902,-25.420049,0.0,0.0,2000.0,1,tides-sn,SN_spec_specid110_snt1_phase17_redshift0.248.fits,tides_snMay2024,0,0.0,0.0,LSST_r_AB,20.41275,0.0,2462592.0,2462597.0,1048576,0.0,0.253435,0.0,0.253435,0.0,0.0,0.0,0.0,0.0,0.0,,,,TRA,0.0,0.0
119108183,304.710833,-64.635575,0.0,0.0,2000.0,1,tides-sn,SN_spec_specid82_snt1_phase41_redshift0.198.fits,tides_snMay2024,0,0.0,0.0,LSST_r_AB,21.77268,0.0,2462291.0,2462296.0,1048576,0.0,0.189285,0.0,0.189285,0.0,0.0,0.0,0.0,0.0,0.0,,,,TRA,0.0,0.0
81075345,33.225632,-39.309533,0.0,0.0,2000.0,1,tides-hosts,SF_col00pt400_mass09pt50_sfr10pt00_z00pt350.fits,tides_hostsMay2024,0,0.0,0.0,LSST_r_AB,19.7737,0.0,2461022.6,2462865.0,0,0.0,0.355285,0.0,0.355285,0.0,0.0,0.0,0.0,0.0,0.0,,,,GAL,0.0,0.0
72120465,346.560091,-19.564611,0.0,0.0,2000.0,1,tides-hosts,SF_col00pt400_mass09pt50_sfr10pt00_z00pt325.fits,tides_hostsMay2024,0,0.0,0.0,LSST_r_AB,19.9377,0.0,2461327.5,2462865.0,0,0.0,0.328135,0.0,0.328135,0.0,0.0,0.0,0.0,0.0,0.0,,,,GAL,0.0,0.0
98437036,160.531905,-38.579222,0.0,0.0,2000.0,1,tides-sn,SN_spec_specid91_snt1_phase9_redshift0.224.fits,tides_snMay2024,0,0.0,0.0,LSST_r_AB,21.08476,0.0,2462589.0,2462594.0,1048576,0.0,0.223896,0.0,0.223896,0.0,0.0,0.0,0.0,0.0,0.0,,,,TRA,0.0,0.0
77699697,32.92709,-20.140293,0.0,0.0,2000.0,1,tides-sn,SN_spec_specid1127_snt21_phase25_redshift0.226.fits,tides_snMay2024,0,0.0,0.0,LSST_r_AB,22.331707,0.0,2461774.0,2461779.0,1048576,0.0,0.216032,0.0,0.216032,0.0,0.0,0.0,0.0,0.0,0.0,,,,TRA,0.0,0.0
14456796,87.048493,-25.349415,0.0,0.0,2000.0,1,tides-hosts,SF_col00pt550_mass09pt50_sfr05pt00_z00pt300.fits,tides_hostsMay2024,0,0.0,0.0,LSST_r_AB,22.5705,0.0,2461814.7,2462865.0,0,0.0,0.309862,0.0,0.309862,0.0,0.0,0.0,0.0,0.0,0.0,,,,GAL,0.0,0.0
81602764,29.432385,-10.402923,0.0,0.0,2000.0,1,tides-sn,SN_spec_specid1316_snt25_phase25_redshift0.010.fits,tides_snMay2024,0,0.0,0.0,LSST_r_AB,19.49785,0.0,2462019.0,2462024.0,1048576,0.0,0.038916,0.0,0.038916,0.0,0.0,0.0,0.0,0.0,0.0,,,,TRA,0.0,0.0
48668864,296.047489,-67.43044,0.0,0.0,2000.0,1,tides-sn,SN_spec_specid160_snt1_phase13_redshift0.315.fits,tides_snMay2024,0,0.0,0.0,LSST_r_AB,22.226927,0.0,2460834.0,2460839.0,1048576,0.0,0.321151,0.0,0.321151,0.0,0.0,0.0,0.0,0.0,0.0,,,,TRA,0.0,0.0
35194887,242.382526,10.65374,0.0,0.0,2000.0,1,tides-sn,SN_spec_specid1126_snt21_phase20_redshift0.226.fits,tides_snMay2024,0,0.0,0.0,LSST_r_AB,22.270945,0.0,2462028.0,2462033.0,1048576,0.0,0.241079,0.0,0.241079,0.0,0.0,0.0,0.0,0.0,0.0,,,,TRA,0.0,0.0
118144512,196.142909,-11.143853,0.0,0.0,2000.0,1,tides-sn,SN_spec_specid1372_snt25_phase25_redshift0.284.fits,tides_snMay2024,0,0.0,0.0,LSST_r_AB,22.291393,0.0,2462563.0,2462568.0,1048576,0.0,0.274632,0.0,0.274632,0.0,0.0,0.0,0.0,0.0,0.0,,,,TRA,0.0,0.0
152765121,26.847513,-14.904924,0.0,0.0,2000.0,1,tides-sn,SN_spec_specid174_snt1_phase1_redshift0.335.fits,tides_snMay2024,0,0.0,0.0,LSST_r_AB,21.865898,0.0,2461297.0,2461302.0,1048576,0.0,0.325347,0.0,0.325347,0.0,0.0,0.0,0.0,0.0,0.0,,,,TRA,0.0,0.0
151231614,221.405998,10.565704,0.0,0.0,2000.0,1,tides-sn,SN_spec_specid207_snt1_phase-3_redshift0.375.fits,tides_snMay2024,0,0.0,0.0,LSST_r_AB,22.293114,0.0,2461115.0,2461120.0,1048576,0.0,0.381878,0.0,0.381878,0.0,0.0,0.0,0.0,0.0,0.0,,,,TRA,0.0,0.0
79210608,352.753792,-49.685325,0.0,0.0,2000.0,1,tides-sn,SN_spec_specid1330_snt25_phase25_redshift0.132.fits,tides_snMay2024,0,0.0,0.0,LSST_r_AB,20.780804,0.0,2461724.0,2461729.0,1048576,0.0,0.13358,0.0,0.13358,0.0,0.0,0.0,0.0,0.0,0.0,,,,TRA,0.0,0.0
164244685,186.09754,-4.722154,0.0,0.0,2000.0,1,tides-sn,SN_spec_specid107_snt1_phase5_redshift0.248.fits,tides_snMay2024,0,0.0,0.0,LSST_r_AB,21.348639,0.0,2461556.0,2461561.0,1048576,0.0,0.250894,0.0,0.250894,0.0,0.0,0.0,0.0,0.0,0.0,,,,TRA,0.0,0.0
79145552,170.176396,-46.739492,0.0,0.0,2000.0,1,tides-sn,SN_spec_specid175_snt1_phase5_redshift0.335.fits,tides_snMay2024,0,0.0,0.0,LSST_r_AB,22.135427,0.0,2462222.0,2462227.0,1048576,0.0,0.327056,0.0,0.327056,0.0,0.0,0.0,0.0,0.0,0.0,,,,TRA,0.0,0.0
70302881,20.749954,-26.43773,0.0,0.0,2000.0,1,tides-sn,SN_spec_specid59_snt1_phase17_redshift0.169.fits,tides_snMay2024,0,0.0,0.0,LSST_r_AB,19.843403,0.0,2462530.0,2462535.0,1048576,0.0,0.159161,0.0,0.159161,0.0,0.0,0.0,0.0,0.0,0.0,,,,TRA,0.0,0.0
43096035,318.154889,-34.464947,0.0,0.0,2000.0,1,tides-hosts,SF_col00pt780_mass10pt78_sfr05pt00_z00pt475.fits,tides_hostsMay2024,0,0.0,0.0,LSST_r_AB,21.62,0.0,2460927.7,2462865.0,0,0.0,0.477184,0.0,0.477184,0.0,0.0,0.0,0.0,0.0,0.0,,,,GAL,0.0,0.0
100899362,39.104676,-43.556151,0.0,0.0,2000.0,1,tides-sn,SN_spec_specid140_snt1_phase1_redshift0.293.fits,tides_snMay2024,0,0.0,0.0,LSST_r_AB,21.739773,0.0,2461346.0,2461351.0,1048576,0.0,0.301241,0.0,0.301241,0.0,0.0,0.0,0.0,0.0,0.0,,,,TRA,0.0,0.0
159064619,246.233012,-56.322671,0.0,0.0,2000.0,1,tides-sn,SN_spec_specid158_snt1_phase5_redshift0.315.fits,tides_snMay2024,0,0.0,0.0,LSST_r_AB,22.720697,0.0,2461909.0,2461914.0,1048576,0.0,0.322207,0.0,0.322207,0.0,0.0,0.0,0.0,0.0,0.0,,,,TRA,0.0,0.0
136076932,4.206563,-49.210471,0.0,0.0,2000.0,1,tides-sn,SN_spec_specid132_snt1_phase37_redshift0.271.fits,tides_snMay2024,0,0.0,0.0,LSST_r_AB,22.781515,0.0,2460907.0,2460912.0,1048576,0.0,0.266538,0.0,0.266538,0.0,0.0,0.0,0.0,0.0,0.0,,,,TRA,0.0,0.0
3017604,81.501627,-31.07571,0.0,0.0,2000.0,1,tides-hosts,SF_col00pt725_mass09pt61_sfr05pt00_z00pt375.fits,tides_hostsMay2024,0,0.0,0.0,LSST_r_AB,21.9048,0.0,2461436.6,2462865.0,0,0.0,0.378028,0.0,0.378028,0.0,0.0,0.0,0.0,0.0,0.0,,,,GAL,0.0,0.0
120921761,92.327697,-51.708959,0.0,0.0,2000.0,1,tides-hosts,SF_col00pt500_mass10pt00_sfr02pt00_z00pt000.fits,tides_hostsMay2024,0,0.0,0.0,LSST_r_AB,20.6403,0.0,2461443.6,2462865.0,0,0.0,0.154352,0.0,0.154352,0.0,0.0,0.0,0.0,0.0,0.0,,,,GAL,0.0,0.0
170401810,24.357507,-65.931563,0.0,0.0,2000.0,1,tides-sn,SN_spec_specid224_snt1_phase-3_redshift0.395.fits,tides_snMay2024,0,0.0,0.0,LSST_r_AB,22.418283,0.0,2462398.0,2462403.0,1048576,0.0,0.395418,0.0,0.395418,0.0,0.0,0.0,0.0,0.0,0.0,,,,TRA,0.0,0.0
146835980,24.734316,-0.136158,0.0,0.0,2000.0,1,tides-hosts,SF_col00pt650_mass09pt50_sfr05pt00_z00pt350.fits,tides_hostsMay2024,0,0.0,0.0,LSST_r_AB,21.4032,0.0,2462205.6,2462865.0,0,0.0,0.346719,0.0,0.346719,0.0,0.0,0.0,0.0,0.0,0.0,,,,GAL,0.0,0.0
88251390,251.152115,13.526455,0.0,0.0,2000.0,1,tides-sn,SN_spec_specid1501_snt32_phase5_redshift0.363.fits,tides_snMay2024,0,0.0,0.0,LSST_r_AB,22.023664,0.0,2461912.0,2461917.0,1048576,0.0,0.354353,0.0,0.354353,0.0,0.0,0.0,0.0,0.0,0.0,,,,TRA,0.0,0.0
108362351,7.407799,-54.999615,0.0,0.0,2000.0,1,tides-sn,SN_spec_specid855_snt70_phase0_redshift0.520.fits,tides_snMay2024,0,0.0,0.0,LSST_r_AB,20.215311,0.0,2460946.0,2460951.0,1048576,0.0,0.526638,0.0,0.526638,0.0,0.0,0.0,0.0,0.0,0.0,,,,TRA,0.0,0.0
87858170,343.064407,-3.816798,0.0,0.0,2000.0,1,tides-sn,SN_spec_specid74_snt1_phase9_redshift0.198.fits,tides_snMay2024,0,0.0,0.0,LSST_r_AB,20.287445,0.0,2462099.0,2462104.0,1048576,0.0,0.183456,0.0,0.183456,0.0,0.0,0.0,0.0,0.0,0.0,,,,TRA,0.0,0.0
165234871,212.300006,3.719954,0.0,0.0,2000.0,1,tides-sn,SN_spec_specid1138_snt21_phase10_redshift0.304.fits,tides_snMay2024,0,0.0,0.0,LSST_r_AB,21.630568,0.0,2461564.0,2461569.0,1048576,0.0,0.306595,0.0,0.306595,0.0,0.0,0.0,0.0,0.0,0.0,,,,TRA,0.0,0.0
58916951,191.225006,12.470064,0.0,0.0,2000.0,1,tides-hosts,SF_col00pt650_mass09pt50_sfr05pt00_z00pt450.fits,tides_hostsMay2024,0,0.0,0.0,LSST_r_AB,21.8931,0.0,2461181.6,2462865.0,0,0.0,0.456615,0.0,0.456615,0.0,0.0,0.0,0.0,0.0,0.0,,,,GAL,0.0,0.0
94320666,239.903594,-1.154102,0.0,0.0,2000.0,1,tides-hosts,SF_col00pt650_mass09pt50_sfr05pt00_z00pt275.fits,tides_hostsMay2024,0,0.0,0.0,LSST_r_AB,22.1273,0.0,2460905.5,2462865.0,0,0.0,0.277386,0.0,0.277386,0.0,0.0,0.0,0.0,0.0,0.0,,,,GAL,0.0,0.0
109663862,191.716607,10.757906,0.0,0.0,2000.0,1,tides-sn,SN_spec_specid50_snt1_phase49_redshift0.136.fits,tides_snMay2024,0,0.0,0.0,LSST_r_AB,21.826134,0.0,2461819.0,2461824.0,1048576,0.0,0.116478,0.0,0.116478,0.0,0.0,0.0,0.0,0.0,0.0,,,,TRA,0.0,0.0
108856563,219.601799,13.894081,0.0,0.0,2000.0,1,tides-sn,SN_spec_specid1428_snt32_phase25_redshift0.092.fits,tides_snMay2024,0,0.0,0.0,LSST_r_AB,21.032084,0.0,2460886.0,2460891.0,1048576,0.0,0.070293,0.0,0.070293,0.0,0.0,0.0,0.0,0.0,0.0,,,,TRA,0.0,0.0
54138313,271.074543,10.870898,0.0,0.0,2000.0,1,tides-hosts,SF_col00pt700_mass10pt00_sfr05pt00_z00pt275.fits,tides_hostsMay2024,0,0.0,0.0,LSST_r_AB,20.6541,0.0,2462650.8,2462865.0,0,0.0,0.286488,0.0,0.286488,0.0,0.0,0.0,0.0,0.0,0.0,,,,GAL,0.0,0.0
100622404,54.094712,-11.880013,0.0,0.0,2000.0,1,tides-sn,SN_spec_specid1242_snt23_phase5_redshift0.217.fits,tides_snMay2024,0,0.0,0.0,LSST_r_AB,21.171066,0.0,2460960.0,2460965.0,1048576,0.0,0.205578,0.0,0.205578,0.0,0.0,0.0,0.0,0.0,0.0,,,,TRA,0.0,0.0
27296654,62.748047,-58.297218,0.0,0.0,2000.0,1,tides-sn,SN_spec_specid1337_snt25_phase25_redshift0.164.fits,tides_snMay2024,0,0.0,0.0,LSST_r_AB,22.328579,0.0,2461342.0,2461347.0,1048576,0.0,0.168121,0.0,0.168121,0.0,0.0,0.0,0.0,0.0,0.0,,,,TRA,0.0,0.0
144942937,8.739168,-60.684589,0.0,0.0,2000.0,1,tides-sn,SN_spec_specid225_snt1_phase1_redshift0.395.fits,tides_snMay2024,0,0.0,0.0,LSST_r_AB,22.244726,0.0,2461678.0,2461683.0,1048576,0.0,0.385209,0.0,0.385209,0.0,0.0,0.0,0.0,0.0,0.0,,,,TRA,0.0,0.0
162120034,33.968785,-29.521091,0.0,0.0,2000.0,1,tides-sn,SN_spec_specid96_snt1_phase29_redshift0.224.fits,tides_snMay2024,0,0.0,0.0,LSST_r_AB,22.612457,0.0,2462466.0,2462471.0,1048576,0.0,0.231683,0.0,0.231683,0.0,0.0,0.0,0.0,0.0,0.0,,,,TRA,0.0,0.0
160757811,184.542663,-23.17369,0.0,0.0,2000.0,1,tides-sn,SN_spec_specid157_snt1_phase1_redshift0.315.fits,tides_snMay2024,0,0.0,0.0,LSST_r_AB,22.053183,0.0,2461496.0,2461501.0,1048576,0.0,0.320608,0.0,0.320608,0.0,0.0,0.0,0.0,0.0,0.0,,,,TRA,0.0,0.0
99361926,15.682817,-1.848632,0.0,0.0,2000.0,1,tides-hosts,SF_col00pt650_mass09pt50_sfr05pt00_z00pt350.fits,tides_hostsMay2024,0,0.0,0.0,LSST_r_AB,22.6532,0.0,2462762.8,2462865.0,0,0.0,0.36195,0.0,0.36195,0.0,0.0,0.0,0.0,0.0,0.0,,,,GAL,0.0,0.0
170861645,108.66225,-37.291573,0.0,0.0,2000.0,1,tides-hosts,SF_col00pt780_mass09pt88_sfr02pt00_z00pt475.fits,tides_hostsMay2024,0,0.0,0.0,LSST_r_AB,21.8862,0.0,2462132.6,2462865.0,0,0.0,0.466453,0.0,0.466453,0.0,0.0,0.0,0.0,0.0,0.0,,,,GAL,0.0,0.0
31879539,305.673927,-14.825911,0.0,0.0,2000.0,1,tides-hosts,SF_col00pt550_mass09pt00_sfr20pt00_z00pt475.fits,tides_hostsMay2024,0,0.0,0.0,LSST_r_AB,21.1202,0.0,2460957.5,2462865.0,0,0.0,0.474919,0.0,0.474919,0.0,0.0,0.0,0.0,0.0,0.0,,,,GAL,0.0,0.0
98465856,166.953304,-2.253507,0.0,0.0,2000.0,1,tides-sn,SN_spec_specid178_snt1_phase17_redshift0.335.fits,tides_snMay2024,0,0.0,0.0,LSST_r_AB,22.400028,0.0,2461470.0,2461475.0,1048576,0.0,0.330905,0.0,0.330905,0.0,0.0,0.0,0.0,0.0,0.0,,,,TRA,0.0,0.0
58957374,129.29148,-66.903052,0.0,0.0,2000.0,1,tides-sn,SN_spec_specid1306_snt23_phase10_redshift0.400.fits,tides_snMay2024,0,0.0,0.0,LSST_r_AB,22.752834,0.0,2461480.0,2461485.0,1048576,0.0,0.485894,0.0,0.485894,0.0,0.0,0.0,0.0,0.0,0.0,,,,TRA,0.0,0.0
47565383,349.195443,-26.603256,0.0,0.0,2000.0,1,tides-sn,SN_spec_specid1337_snt25_phase25_redshift0.164.fits,tides_snMay2024,0,0.0,0.0,LSST_r_AB,21.892569,0.0,2461644.0,2461649.0,1048576,0.0,0.150899,0.0,0.150899,0.0,0.0,0.0,0.0,0.0,0.0,,,,TRA,0.0,0.0
208258149,86.29718,-30.749139,0.0,0.0,2000.0,1,tides-sn,SN_spec_specid69_snt1_phase-11_redshift0.198.fits,tides_snMay2024,0,0.0,0.0,LSST_r_AB,21.43793,0.0,2461373.0,2461378.0,1048576,0.0,0.183969,0.0,0.183969,0.0,0.0,0.0,0.0,0.0,0.0,,,,TRA,0.0,0.0
35388226,136.810091,4.973941,0.0,0.0,2000.0,1,tides-hosts,SF_col00pt780_mass09pt88_sfr02pt00_z00pt575.fits,tides_hostsMay2024,0,0.0,0.0,LSST_r_AB,22.3049,0.0,2461079.7,2462865.0,0,0.0,0.572214,0.0,0.572214,0.0,0.0,0.0,0.0,0.0,0.0,,,,GAL,0.0,0.0
33232275,69.418761,-16.55955,0.0,0.0,2000.0,1,tides-sn,SN_spec_specid193_snt1_phase9_redshift0.355.fits,tides_snMay2024,0,0.0,0.0,LSST_r_AB,21.765085,0.0,2461011.0,2461016.0,1048576,0.0,0.350577,0.0,0.350577,0.0,0.0,0.0,0.0,0.0,0.0,,,,TRA,0.0,0.0
62847232,82.491693,-17.820037,0.0,0.0,2000.0,1,tides-sn,SN_spec_specid1428_snt32_phase25_redshift0.092.fits,tides_snMay2024,0,0.0,0.0,LSST_r_AB,22.351168,0.0,2461745.0,2461750.0,1048576,0.0,0.100924,0.0,0.100924,0.0,0.0,0.0,0.0,0.0,0.0,,,,TRA,0.0,0.0
43454202,160.931596,-43.435997,0.0,0.0,2000.0,1,tides-hosts,SF_col00pt500_mass10pt00_sfr02pt00_z00pt000.fits,tides_hostsMay2024,0,0.0,0.0,LSST_r_AB,23.6342,0.0,2462339.6,2462865.0,0,0.0,0.309549,0.0,0.309549,0.0,0.0,0.0,0.0,0.0,0.0,,,,GAL,0.0,0.0
41584987,189.012655,-24.138931,0.0,0.0,2000.0,1,tides-sn,SN_spec_specid112_snt1_phase25_redshift0.248.fits,tides_snMay2024,0,0.0,0.0,LSST_r_AB,22.760126,0.0,2462565.0,2462570.0,1048576,0.0,0.254843,0.0,0.254843,0.0,0.0,0.0,0.0,0.0,0.0,,,,TRA,0.0,0.0
92604866,170.27656,11.684467,0.0,0.0,2000.0,1,tides-sn,SN_spec_specid1141_snt21_phase25_redshift0.304.fits,tides_snMay2024,0,0.0,0.0,LSST_r_AB,21.912668,0.0,2461869.0,2461874.0,1048576,0.0,0.305638,0.0,0.305638,0.0,0.0,0.0,0.0,0.0,0.0,,,,TRA,0.0,0.0
196937049,319.424801,-28.187769,0.0,0.0,2000.0,1,tides-sn,SN_spec_specid138_snt1_phase-7_redshift0.293.fits,tides_snMay2024,0,0.0,0.0,LSST_r_AB,22.391169,0.0,2462423.0,2462428.0,1048576,0.0,0.298699,0.0,0.298699,0.0,0.0,0.0,0.0,0.0,0.0,,,,TRA,0.0,0.0
148618351,3.336539,-61.310324,0.0,0.0,2000.0,1,tides-hosts,SF_col00pt780_mass09pt88_sfr02pt00_z00pt475.fits,tides_hostsMay2024,0,0.0,0.0,LSST_r_AB,23.6823,0.0,2462692.8,2462865.0,0,0.0,0.487248,0.0,0.487248,0.0,0.0,0.0,0.0,0.0,0.0,,,,GAL,0.0,0.0
117234974,310.36876,-56.880741,0.0,0.0,2000.0,1,tides-sn,SN_spec_specid1034_snt70_phase-10_redshift1.052.fits,tides_snMay2024,0,0.0,0.0,LSST_r_AB,21.35308,0.0,2461186.0,2461191.0,1048576,0.0,1.05949,0.0,1.05949,0.0,0.0,0.0,0.0,0.0,0.0,,,,TRA,0.0,0.0
195208815,53.343399,-39.491605,0.0,0.0,2000.0,1,tides-hosts,SF_col00pt750_mass10pt25_sfr01pt00_z00pt550.fits,tides_hostsMay2024,0,0.0,0.0,LSST_r_AB,22.5417,0.0,2461003.7,2462865.0,0,0.0,0.554311,0.0,0.554311,0.0,0.0,0.0,0.0,0.0,0.0,,,,GAL,0.0,0.0
74671251,137.24446,-4.501216,0.0,0.0,2000.0,1,tides-sn,SN_spec_specid1351_snt25_phase25_redshift0.217.fits,tides_snMay2024,0,0.0,0.0,LSST_r_AB,23.268332,0.0,2462189.0,2462194.0,1048576,0.0,0.22717,0.0,0.22717,0.0,0.0,0.0,0.0,0.0,0.0,,,,TRA,0.0,0.0
78944299,300.211156,-2.360623,0.0,0.0,2000.0,1,tides-sn,SN_spec_specid94_snt1_phase21_redshift0.224.fits,tides_snMay2024,0,0.0,0.0,LSST_r_AB,22.908957,0.0,2462740.0,2462745.0,1048576,0.0,0.221758,0.0,0.221758,0.0,0.0,0.0,0.0,0.0,0.0,,,,TRA,0.0,0.0
164727626,206.509655,-48.524087,0.0,0.0,2000.0,1,tides-sn,SN_spec_specid1323_snt25_phase25_redshift0.092.fits,tides_snMay2024,0,0.0,0.0,LSST_r_AB,20.56196,0.0,2461904.0,2461909.0,1048576,0.0,0.08259,0.0,0.08259,0.0,0.0,0.0,0.0,0.0,0.0,,,,TRA,0.0,0.0
154603083,153.286997,-40.321151,0.0,0.0,2000.0,1,tides-sn,SN_spec_specid80_snt1_phase33_redshift0.198.fits,tides_snMay2024,0,0.0,0.0,LSST_r_AB,22.149342,0.0,2461508.0,2461513.0,1048576,0.0,0.187677,0.0,0.187677,0.0,0.0,0.0,0.0,0.0,0.0,,,,TRA,0.0,0.0
94980889,213.204309,-22.957588,0.0,0.0,2000.0,1,tides-sn,SN_spec_specid146_snt1_phase25_redshift0.293.fits,tides_snMay2024,0,0.0,0.0,LSST_r_AB,21.237612,0.0,2461169.0,2461174.0,1048576,0.0,0.298564,0.0,0.298564,0.0,0.0,0.0,0.0,0.0,0.0,,,,TRA,0.0,0.0
76110924,317.603147,-1.043199,0.0,0.0,2000.0,1,tides-sn,SN_spec_specid311_snt1_phase5_redshift0.490.fits,tides_snMay2024,0,0.0,0.0,LSST_r_AB,22.726788,0.0,2462702.0,2462707.0,1048576,0.0,0.480356,0.0,0.480356,0.0,0.0,0.0,0.0,0.0,0.0,,,,TRA,0.0,0.0
103811483,279.234146,-31.531717,0.0,0.0,2000.0,1,tides-sn,SN_spec_specid1330_snt25_phase25_redshift0.132.fits,tides_snMay2024,0,0.0,0.0,LSST_r_AB,22.350027,0.0,2461955.0,2461960.0,1048576,0.0,0.123685,0.0,0.123685,0.0,0.0,0.0,0.0,0.0,0.0,,,,TRA,0.0,0.0
72690282,5.273759,-10.790636,0.0,0.0,2000.0,1,tides-sn,SN_spec_specid172_snt1_phase-7_redshift0.335.fits,tides_snMay2024,0,0.0,0.0,LSST_r_AB,22.27366,0.0,2461277.0,2461282.0,1048576,0.0,0.325903,0.0,0.325903,0.0,0.0,0.0,0.0,0.0,0.0,,,,TRA,0.0,0.0
106497708,293.942458,-16.444961,0.0,0.0,2000.0,1,tides-hosts,SF_col00pt780_mass09pt88_sfr02pt00_z00pt450.fits,tides_hostsMay2024,0,0.0,0.0,LSST_r_AB,21.7462,0.0,2462355.7,2462865.0,0,0.0,0.455563,0.0,0.455563,0.0,0.0,0.0,0.0,0.0,0.0,,,,GAL,0.0,0.0
1007705,135.496577,-13.683617,0.0,0.0,2000.0,1,tides-sn,SN_spec_specid241_snt1_phase-3_redshift0.414.fits,tides_snMay2024,0,0.0,0.0,LSST_r_AB,22.24629,0.0,2462542.0,2462547.0,1048576,0.0,0.408564,0.0,0.408564,0.0,0.0,0.0,0.0,0.0,0.0,,,,TRA,0.0,0.0
139514682,91.804368,-16.833004,0.0,0.0,2000.0,1,tides-sn,SN_spec_specid897_snt70_phase60_redshift0.613.fits,tides_snMay2024,0,0.0,0.0,LSST_r_AB,22.611044,0.0,2461457.0,2461462.0,1048576,0.0,0.624294,0.0,0.624294,0.0,0.0,0.0,0.0,0.0,0.0,,,,TRA,0.0,0.0
114827956,128.504178,-4.002865,0.0,0.0,2000.0,1,tides-sn,SN_spec_specid84_snt1_phase49_redshift0.198.fits,tides_snMay2024,0,0.0,0.0,LSST_r_AB,22.363628,0.0,2462246.0,2462251.0,1048576,0.0,0.185725,0.0,0.185725,0.0,0.0,0.0,0.0,0.0,0.0,,,,TRA,0.0,0.0
114560101,44.978789,-10.608843,0.0,0.0,2000.0,1,tides-hosts,Pass_col00pt945_mass09pt50_sfr00pt00_z00pt150.fits,tides_hostsMay2024,0,0.0,0.0,LSST_r_AB,22.0905,0.0,2461017.6,2462865.0,0,0.0,0.153516,0.0,0.153516,0.0,0.0,0.0,0.0,0.0,0.0,,,,GAL,0.0,0.0
146815878,33.355913,-7.53272,0.0,0.0,2000.0,1,tides-hosts,SF_col00pt780_mass10pt78_sfr05pt00_z00pt300.fits,tides_hostsMay2024,0,0.0,0.0,LSST_r_AB,20.0044,0.0,2461334.6,2462865.0,0,0.0,0.304513,0.0,0.304513,0.0,0.0,0.0,0.0,0.0,0.0,,,,GAL,0.0,0.0
50439361,6.964756,-5.81133,0.0,0.0,2000.0,1,tides-sn,SN_spec_specid1211_snt23_phase25_redshift0.010.fits,tides_snMay2024,0,0.0,0.0,LSST_r_AB,20.415274,0.0,2461732.0,2461737.0,1048576,0.0,0.01566,0.0,0.01566,0.0,0.0,0.0,0.0,0.0,0.0,,,,TRA,0.0,0.0
90713782,313.397995,-30.675578,0.0,0.0,2000.0,1,tides-sn,SN_spec_specid189_snt1_phase-7_redshift0.355.fits,tides_snMay2024,0,0.0,0.0,LSST_r_AB,21.929394,0.0,2462365.0,2462370.0,1048576,0.0,0.349414,0.0,0.349414,0.0,0.0,0.0,0.0,0.0,0.0,,,,TRA,0.0,0.0
31521302,251.092062,-65.071172,0.0,0.0,2000.0,1,tides-sn,SN_spec_specid1341_snt25_phase10_redshift0.191.fits,tides_snMay2024,0,0.0,0.0,LSST_r_AB,22.28051,0.0,2461559.0,2461564.0,1048576,0.0,0.193904,0.0,0.193904,0.0,0.0,0.0,0.0,0.0,0.0,,,,TRA,0.0,0.0
123915366,38.791877,-33.226151,0.0,0.0,2000.0,1,tides-sn,SN_spec_specid206_snt1_phase-7_redshift0.375.fits,tides_snMay2024,0,0.0,0.0,LSST_r_AB,22.107544,0.0,2460959.0,2460964.0,1048576,0.0,0.373641,0.0,0.373641,0.0,0.0,0.0,0.0,0.0,0.0,,,,TRA,0.0,0.0
15336163,45.505221,-75.034551,0.0,0.0,2000.0,1,tides-sn,SN_spec_specid1379_snt25_phase25_redshift0.305.fits,tides_snMay2024,0,0.0,0.0,LSST_r_AB,23.517773,0.0,2462526.0,2462531.0,1048576,0.0,0.295478,0.0,0.295478,0.0,0.0,0.0,0.0,0.0,0.0,,,,TRA,0.0,0.0
166226710,49.723592,-37.22615,0.0,0.0,2000.0,1,tides-sn,SN_spec_specid120_snt1_phase-11_redshift0.271.fits,tides_snMay2024,0,0.0,0.0,LSST_r_AB,22.082426,0.0,2460935.0,2460940.0,1048576,0.0,0.281167,0.0,0.281167,0.0,0.0,0.0,0.0,0.0,0.0,,,,TRA,0.0,0.0
75848261,20.366049,-23.724975,0.0,0.0,2000.0,1,tides-sn,SN_spec_specid84_snt1_phase49_redshift0.198.fits,tides_snMay2024,0,0.0,0.0,LSST_r_AB,21.434496,0.0,2461422.0,2461427.0,1048576,0.0,0.19728,0.0,0.19728,0.0,0.0,0.0,0.0,0.0,0.0,,,,TRA,0.0,0.0
117742301,64.357228,-18.429971,0.0,0.0,2000.0,1,tides-sn,SN_spec_specid140_snt1_phase1_redshift0.293.fits,tides_snMay2024,0,0.0,0.0,LSST_r_AB,21.402657,0.0,2461016.0,2461021.0,1048576,0.0,0.28705,0.0,0.28705,0.0,0.0,0.0,0.0,0.0,0.0,,,,TRA,0.0,0.0
39272355,44.875206,-36.020064,0.0,0.0,2000.0,1,tides-sn,SN_spec_specid160_snt1_phase13_redshift0.315.fits,tides_snMay2024,0,0.0,0.0,LSST_r_AB,22.438839,0.0,2461005.0,2461010.0,1048576,0.0,0.307707,0.0,0.307707,0.0,0.0,0.0,0.0,0.0,0.0,,,,TRA,0.0,0.0
42085549,27.401866,-30.421283,0.0,0.0,2000.0,1,tides-sn,SN_spec_specid295_snt1_phase9_redshift0.471.fits,tides_snMay2024,0,0.0,0.0,LSST_r_AB,22.38033,0.0,2462445.0,2462450.0,1048576,0.0,0.474666,0.0,0.474666,0.0,0.0,0.0,0.0,0.0,0.0,,,,TRA,0.0,0.0
111573905,191.905338,-2.220173,0.0,0.0,2000.0,1,tides-sn,SN_spec_specid1275_snt23_phase-5_redshift0.324.fits,tides_snMay2024,0,0.0,0.0,LSST_r_AB,22.082506,0.0,2462270.0,2462275.0,1048576,0.0,0.316206,0.0,0.316206,0.0,0.0,0.0,0.0,0.0,0.0,,,,TRA,0.0,0.0
128145136,223.608063,6.951354,0.0,0.0,2000.0,1,tides-hosts,SF_col00pt775_mass10pt50_sfr02pt00_z00pt525.fits,tides_hostsMay2024,0,0.0,0.0,LSST_r_AB,21.799,0.0,2461198.6,2462865.0,0,0.0,0.52265,0.0,0.52265,0.0,0.0,0.0,0.0,0.0,0.0,,,,GAL,0.0,0.0
105934828,115.271119,14.138556,0.0,0.0,2000.0,1,tides-sn,SN_spec_specid212_snt1_phase17_redshift0.375.fits,tides_snMay2024,0,0.0,0.0,LSST_r_AB,22.936165,0.0,2461435.0,2461440.0,1048576,0.0,0.373573,0.0,0.373573,0.0,0.0,0.0,0.0,0.0,0.0,,,,TRA,0.0,0.0
96887319,233.628421,-2.713763,0.0,0.0,2000.0,1,tides-sn,SN_spec_specid124_snt1_phase5_redshift0.271.fits,tides_snMay2024,0,0.0,0.0,LSST_r_AB,21.736258,0.0,2461160.0,2461165.0,1048576,0.0,0.269157,0.0,0.269157,0.0,0.0,0.0,0.0,0.0,0.0,,,,TRA,0.0,0.0
205981387,342.651893,-16.601423,0.0,0.0,2000.0,1,tides-sn,SN_spec_specid94_snt1_phase21_redshift0.224.fits,tides_snMay2024,0,0.0,0.0,LSST_r_AB,21.759,0.0,2461698.0,2461703.0,1048576,0.0,0.22002,0.0,0.22002,0.0,0.0,0.0,0.0,0.0,0.0,,,,TRA,0.0,0.0
19081788,80.305224,-26.276399,0.0,0.0,2000.0,1,tides-sn,SN_spec_specid190_snt1_phase-3_redshift0.355.fits,tides_snMay2024,0,0.0,0.0,LSST_r_AB,21.74141,0.0,2462591.0,2462596.0,1048576,0.0,0.355108,0.0,0.355108,0.0,0.0,0.0,0.0,0.0,0.0,,,,TRA,0.0,0.0
10838654,154.554752,-25.405914,0.0,0.0,2000.0,1,tides-hosts,SF_col00pt780_mass09pt88_sfr02pt00_z00pt225.fits,tides_hostsMay2024,0,0.0,0.0,LSST_r_AB,19.503,0.0,2461188.7,2462865.0,0,0.0,0.221878,0.0,0.221878,0.0,0.0,0.0,0.0,0.0,0.0,,,,GAL,0.0,0.0
198201798,333.477509,-11.59453,0.0,0.0,2000.0,1,tides-sn,SN_spec_specid38_snt1_phase1_redshift0.136.fits,tides_snMay2024,0,0.0,0.0,LSST_r_AB,19.771536,0.0,2462233.0,2462238.0,1048576,0.0,0.12741,0.0,0.12741,0.0,0.0,0.0,0.0,0.0,0.0,,,,TRA,0.0,0.0
1787314,358.566861,-49.724268,0.0,0.0,2000.0,1,tides-sn,SN_spec_specid1358_snt25_phase25_redshift0.240.fits,tides_snMay2024,0,0.0,0.0,LSST_r_AB,21.576569,0.0,2462438.0,2462443.0,1048576,0.0,0.239739,0.0,0.239739,0.0,0.0,0.0,0.0,0.0,0.0,,,,TRA,0.0,0.0
211690145,178.51555,-48.195519,0.0,0.0,2000.0,1,tides-sn,SN_spec_specid1002_snt70_phase30_redshift0.924.fits,tides_snMay2024,0,0.0,0.0,LSST_r_AB,21.150768,0.0,2462623.0,2462628.0,1048576,0.0,0.939197,0.0,0.939197,0.0,0.0,0.0,0.0,0.0,0.0,,,,TRA,0.0,0.0
